image_name,model_name,inference_time_seconds
dog.jpg,LLaVA_7B,20.88935089111328
dog.jpg,LLama3_2_Vision_11B,108.59658813476562
dog.jpg,Gemma3_12B,51.85118794441223
dog.jpg,MiniCPM_V_8B,26.50471591949463
dog.jpg,Phi_14B,39.17216372489929
dog.jpg,LLaVA_LLama3_8B,14.184547901153564
dog.jpg,BakLLaVA_7B,8.877353191375732
dog.jpg,Granite3_2_Vision,36.76269006729126
dog.jpg,DeepSeek_Reasoning_LLaVA_7B,63.552242040634155
dog.jpg,DeepSeek_Reasoning_LLama3_2_Vision_11B,42.21698999404907
dog.jpg,DeepSeek_Reasoning_Gemma3_12B,63.142987966537476
dog.jpg,DeepSeek_Reasoning_MiniCPM_V_8B,76.96028399467468
dog.jpg,DeepSeek_Reasoning_Phi_14B,64.9236831665039
dog.jpg,LLama3_1_Intuitive_Thinker_LLaVA_7B,60.05938506126404
dog.jpg,LLama3_1_Intuitive_Thinker_LLama3_2_Vision_11B,31.95938491821289
dog.jpg,LLama3_1_Intuitive_Thinker_Gemma3_12B,61.71325397491455
dog.jpg,LLama3_1_Intuitive_Thinker_MiniCPM_V_8B,27.18850588798523
dog.jpg,LLama3_1_Intuitive_Thinker_Phi_14B,51.314754009246826
dog.jpg,DeepSeek_R1_Abliterated_LLaVA_7B,30.892162084579468
dog.jpg,DeepSeek_R1_Abliterated_LLama3_2_Vision_11B,28.851266145706177
dog.jpg,DeepSeek_R1_Abliterated_Gemma3_12B,45.37756299972534
dog.jpg,DeepSeek_R1_Abliterated_MiniCPM_V_8B,33.693403005599976
dog.jpg,DeepSeek_R1_Abliterated_Phi_14B,32.22702383995056
dog.jpg,Phi4_14B_LLaVA_7B,44.163931131362915
dog.jpg,Phi4_14B_LLama3_2_Vision_11B,47.36266088485718
dog.jpg,Phi4_14B_Gemma3_12B,42.31664776802063
dog.jpg,Phi4_14B_MiniCPM_V_8B,41.47718811035156
dog.jpg,Phi4_14B_Phi_14B,39.08777117729187
hike.jpg,LLaVA_7B,26.301138877868652
hike.jpg,LLama3_2_Vision_11B,104.97224307060242
hike.jpg,Gemma3_12B,54.30143165588379
hike.jpg,MiniCPM_V_8B,34.74090504646301
hike.jpg,Phi_14B,55.60654592514038
hike.jpg,LLaVA_LLama3_8B,27.08812189102173
hike.jpg,BakLLaVA_7B,10.892539978027344
hike.jpg,Granite3_2_Vision,55.68969702720642
hike.jpg,DeepSeek_Reasoning_LLaVA_7B,54.35308814048767
hike.jpg,DeepSeek_Reasoning_LLama3_2_Vision_11B,42.69452905654907
hike.jpg,DeepSeek_Reasoning_Gemma3_12B,50.43494486808777
hike.jpg,DeepSeek_Reasoning_MiniCPM_V_8B,52.519776821136475
hike.jpg,DeepSeek_Reasoning_Phi_14B,67.8073582649231
hike.jpg,LLama3_1_Intuitive_Thinker_LLaVA_7B,38.26553535461426
hike.jpg,LLama3_1_Intuitive_Thinker_LLama3_2_Vision_11B,26.52186417579651
hike.jpg,LLama3_1_Intuitive_Thinker_Gemma3_12B,51.65718102455139
hike.jpg,LLama3_1_Intuitive_Thinker_MiniCPM_V_8B,74.33500099182129
hike.jpg,LLama3_1_Intuitive_Thinker_Phi_14B,41.57553005218506
hike.jpg,DeepSeek_R1_Abliterated_LLaVA_7B,35.746469020843506
hike.jpg,DeepSeek_R1_Abliterated_LLama3_2_Vision_11B,27.8695068359375
hike.jpg,DeepSeek_R1_Abliterated_Gemma3_12B,25.49105715751648
hike.jpg,DeepSeek_R1_Abliterated_MiniCPM_V_8B,24.62199592590332
hike.jpg,DeepSeek_R1_Abliterated_Phi_14B,27.89855694770813
hike.jpg,Phi4_14B_LLaVA_7B,51.660030126571655
hike.jpg,Phi4_14B_LLama3_2_Vision_11B,42.275238037109375
hike.jpg,Phi4_14B_Gemma3_12B,48.297439098358154
hike.jpg,Phi4_14B_MiniCPM_V_8B,42.91795802116394
hike.jpg,Phi4_14B_Phi_14B,41.29416108131409
nyc.jpg,LLaVA_7B,20.814290046691895
nyc.jpg,LLama3_2_Vision_11B,116.59260416030884
nyc.jpg,Gemma3_12B,54.37806701660156
nyc.jpg,MiniCPM_V_8B,40.25933814048767
nyc.jpg,Phi_14B,33.26242923736572
nyc.jpg,LLaVA_LLama3_8B,20.57814335823059
nyc.jpg,BakLLaVA_7B,11.897918939590454
nyc.jpg,Granite3_2_Vision,55.583306074142456
nyc.jpg,DeepSeek_Reasoning_LLaVA_7B,61.07134127616882
nyc.jpg,DeepSeek_Reasoning_LLama3_2_Vision_11B,38.203325271606445
nyc.jpg,DeepSeek_Reasoning_Gemma3_12B,52.02896428108215
nyc.jpg,DeepSeek_Reasoning_MiniCPM_V_8B,46.385462045669556
nyc.jpg,DeepSeek_Reasoning_Phi_14B,60.92633605003357
nyc.jpg,LLama3_1_Intuitive_Thinker_LLaVA_7B,36.37242102622986
nyc.jpg,LLama3_1_Intuitive_Thinker_LLama3_2_Vision_11B,54.8593590259552
nyc.jpg,LLama3_1_Intuitive_Thinker_Gemma3_12B,69.41523003578186
nyc.jpg,LLama3_1_Intuitive_Thinker_MiniCPM_V_8B,44.9042329788208
nyc.jpg,LLama3_1_Intuitive_Thinker_Phi_14B,62.45230317115784
nyc.jpg,DeepSeek_R1_Abliterated_LLaVA_7B,51.111603021621704
nyc.jpg,DeepSeek_R1_Abliterated_LLama3_2_Vision_11B,41.30324697494507
nyc.jpg,DeepSeek_R1_Abliterated_Gemma3_12B,43.880221128463745
nyc.jpg,DeepSeek_R1_Abliterated_MiniCPM_V_8B,33.125576972961426
nyc.jpg,DeepSeek_R1_Abliterated_Phi_14B,39.42073106765747
nyc.jpg,Phi4_14B_LLaVA_7B,51.19781517982483
nyc.jpg,Phi4_14B_LLama3_2_Vision_11B,39.864007234573364
nyc.jpg,Phi4_14B_Gemma3_12B,43.558948040008545
nyc.jpg,Phi4_14B_MiniCPM_V_8B,50.64000678062439
nyc.jpg,Phi4_14B_Phi_14B,42.40287804603577
flowers.jpg,LLaVA_7B,18.72351884841919
flowers.jpg,LLama3_2_Vision_11B,114.1249361038208
flowers.jpg,Gemma3_12B,53.22659182548523
flowers.jpg,MiniCPM_V_8B,28.1038019657135
flowers.jpg,Phi_14B,54.95548391342163
flowers.jpg,LLaVA_LLama3_8B,20.2231502532959
flowers.jpg,BakLLaVA_7B,9.517010927200317
flowers.jpg,Granite3_2_Vision,51.02991604804993
flowers.jpg,DeepSeek_Reasoning_LLaVA_7B,48.173134088516235
flowers.jpg,DeepSeek_Reasoning_LLama3_2_Vision_11B,41.77658009529114
flowers.jpg,DeepSeek_Reasoning_Gemma3_12B,33.86798095703125
flowers.jpg,DeepSeek_Reasoning_MiniCPM_V_8B,43.21304702758789
flowers.jpg,DeepSeek_Reasoning_Phi_14B,39.33374285697937
flowers.jpg,LLama3_1_Intuitive_Thinker_LLaVA_7B,39.75131702423096
flowers.jpg,LLama3_1_Intuitive_Thinker_LLama3_2_Vision_11B,43.02433800697327
flowers.jpg,LLama3_1_Intuitive_Thinker_Gemma3_12B,46.19354009628296
flowers.jpg,LLama3_1_Intuitive_Thinker_MiniCPM_V_8B,46.76219415664673
flowers.jpg,LLama3_1_Intuitive_Thinker_Phi_14B,32.96331858634949
flowers.jpg,DeepSeek_R1_Abliterated_LLaVA_7B,42.902010917663574
flowers.jpg,DeepSeek_R1_Abliterated_LLama3_2_Vision_11B,37.18463611602783
flowers.jpg,DeepSeek_R1_Abliterated_Gemma3_12B,48.70852470397949
flowers.jpg,DeepSeek_R1_Abliterated_MiniCPM_V_8B,36.864526987075806
flowers.jpg,DeepSeek_R1_Abliterated_Phi_14B,31.98042893409729
flowers.jpg,Phi4_14B_LLaVA_7B,46.496349811553955
flowers.jpg,Phi4_14B_LLama3_2_Vision_11B,45.87151002883911
flowers.jpg,Phi4_14B_Gemma3_12B,42.69595789909363
flowers.jpg,Phi4_14B_MiniCPM_V_8B,40.48319101333618
flowers.jpg,Phi4_14B_Phi_14B,47.36970901489258
fifa.jpg,LLaVA_7B,18.757871866226196
fifa.jpg,LLama3_2_Vision_11B,108.96836686134338
fifa.jpg,Gemma3_12B,54.9868860244751
fifa.jpg,MiniCPM_V_8B,38.09531497955322
fifa.jpg,Phi_14B,36.4158673286438
fifa.jpg,LLaVA_LLama3_8B,25.927719831466675
fifa.jpg,BakLLaVA_7B,10.123149156570435
fifa.jpg,Granite3_2_Vision,53.096599102020264
fifa.jpg,DeepSeek_Reasoning_LLaVA_7B,40.92572283744812
fifa.jpg,DeepSeek_Reasoning_LLama3_2_Vision_11B,53.103074073791504
fifa.jpg,DeepSeek_Reasoning_Gemma3_12B,54.69214987754822
fifa.jpg,DeepSeek_Reasoning_MiniCPM_V_8B,46.29960513114929
fifa.jpg,DeepSeek_Reasoning_Phi_14B,58.99222803115845
fifa.jpg,LLama3_1_Intuitive_Thinker_LLaVA_7B,61.49546408653259
fifa.jpg,LLama3_1_Intuitive_Thinker_LLama3_2_Vision_11B,47.58745312690735
fifa.jpg,LLama3_1_Intuitive_Thinker_Gemma3_12B,60.56660199165344
fifa.jpg,LLama3_1_Intuitive_Thinker_MiniCPM_V_8B,41.8385910987854
fifa.jpg,LLama3_1_Intuitive_Thinker_Phi_14B,54.338512897491455
fifa.jpg,DeepSeek_R1_Abliterated_LLaVA_7B,42.253010272979736
fifa.jpg,DeepSeek_R1_Abliterated_LLama3_2_Vision_11B,23.0627920627594
fifa.jpg,DeepSeek_R1_Abliterated_Gemma3_12B,47.80744981765747
fifa.jpg,DeepSeek_R1_Abliterated_MiniCPM_V_8B,28.36185598373413
fifa.jpg,DeepSeek_R1_Abliterated_Phi_14B,39.66975498199463
fifa.jpg,Phi4_14B_LLaVA_7B,43.056731939315796
fifa.jpg,Phi4_14B_LLama3_2_Vision_11B,40.18194317817688
fifa.jpg,Phi4_14B_Gemma3_12B,45.3490788936615
fifa.jpg,Phi4_14B_MiniCPM_V_8B,40.871479988098145
fifa.jpg,Phi4_14B_Phi_14B,37.83898711204529
bike.jpg,LLaVA_7B,16.03690004348755
bike.jpg,LLama3_2_Vision_11B,118.59563422203064
bike.jpg,Gemma3_12B,52.792564153671265
bike.jpg,MiniCPM_V_8B,36.2105610370636
bike.jpg,Phi_14B,27.926321983337402
bike.jpg,LLaVA_LLama3_8B,18.063672065734863
bike.jpg,BakLLaVA_7B,10.72244930267334
bike.jpg,Granite3_2_Vision,56.522594690322876
bike.jpg,DeepSeek_Reasoning_LLaVA_7B,60.577731132507324
bike.jpg,DeepSeek_Reasoning_LLama3_2_Vision_11B,55.93718886375427
bike.jpg,DeepSeek_Reasoning_Gemma3_12B,58.96986389160156
bike.jpg,DeepSeek_Reasoning_MiniCPM_V_8B,54.46564483642578
bike.jpg,DeepSeek_Reasoning_Phi_14B,78.58760690689087
bike.jpg,LLama3_1_Intuitive_Thinker_LLaVA_7B,36.679555892944336
bike.jpg,LLama3_1_Intuitive_Thinker_LLama3_2_Vision_11B,51.7010931968689
bike.jpg,LLama3_1_Intuitive_Thinker_Gemma3_12B,61.90640997886658
bike.jpg,LLama3_1_Intuitive_Thinker_MiniCPM_V_8B,61.29837417602539
bike.jpg,LLama3_1_Intuitive_Thinker_Phi_14B,43.34862804412842
bike.jpg,DeepSeek_R1_Abliterated_LLaVA_7B,26.865718841552734
bike.jpg,DeepSeek_R1_Abliterated_LLama3_2_Vision_11B,35.481605768203735
bike.jpg,DeepSeek_R1_Abliterated_Gemma3_12B,26.035261869430542
bike.jpg,DeepSeek_R1_Abliterated_MiniCPM_V_8B,38.353896379470825
bike.jpg,DeepSeek_R1_Abliterated_Phi_14B,27.25639796257019
bike.jpg,Phi4_14B_LLaVA_7B,48.929051876068115
bike.jpg,Phi4_14B_LLama3_2_Vision_11B,39.9068078994751
bike.jpg,Phi4_14B_Gemma3_12B,47.922338008880615
bike.jpg,Phi4_14B_MiniCPM_V_8B,45.319201946258545
bike.jpg,Phi4_14B_Phi_14B,43.91517996788025
roadtrip.jpg,LLaVA_7B,18.41197371482849
roadtrip.jpg,LLama3_2_Vision_11B,118.23949408531189
roadtrip.jpg,Gemma3_12B,52.09346604347229
roadtrip.jpg,MiniCPM_V_8B,50.49058985710144
roadtrip.jpg,Phi_14B,33.42138695716858
roadtrip.jpg,LLaVA_LLama3_8B,15.583554029464722
roadtrip.jpg,BakLLaVA_7B,9.213125944137573
roadtrip.jpg,Granite3_2_Vision,63.581400871276855
roadtrip.jpg,DeepSeek_Reasoning_LLaVA_7B,46.31749606132507
roadtrip.jpg,DeepSeek_Reasoning_LLama3_2_Vision_11B,39.71853804588318
roadtrip.jpg,DeepSeek_Reasoning_Gemma3_12B,70.4402322769165
roadtrip.jpg,DeepSeek_Reasoning_MiniCPM_V_8B,61.92437291145325
roadtrip.jpg,DeepSeek_Reasoning_Phi_14B,58.34199237823486
roadtrip.jpg,LLama3_1_Intuitive_Thinker_LLaVA_7B,65.47319412231445
roadtrip.jpg,LLama3_1_Intuitive_Thinker_LLama3_2_Vision_11B,64.93320655822754
roadtrip.jpg,LLama3_1_Intuitive_Thinker_Gemma3_12B,56.16820192337036
roadtrip.jpg,LLama3_1_Intuitive_Thinker_MiniCPM_V_8B,47.79937791824341
roadtrip.jpg,LLama3_1_Intuitive_Thinker_Phi_14B,48.18367910385132
roadtrip.jpg,DeepSeek_R1_Abliterated_LLaVA_7B,35.63133192062378
roadtrip.jpg,DeepSeek_R1_Abliterated_LLama3_2_Vision_11B,27.406545162200928
roadtrip.jpg,DeepSeek_R1_Abliterated_Gemma3_12B,51.84070706367493
roadtrip.jpg,DeepSeek_R1_Abliterated_MiniCPM_V_8B,39.60786700248718
roadtrip.jpg,DeepSeek_R1_Abliterated_Phi_14B,29.76588797569275
roadtrip.jpg,Phi4_14B_LLaVA_7B,45.63177704811096
roadtrip.jpg,Phi4_14B_LLama3_2_Vision_11B,34.996434926986694
roadtrip.jpg,Phi4_14B_Gemma3_12B,40.984179973602295
roadtrip.jpg,Phi4_14B_MiniCPM_V_8B,40.12489104270935
roadtrip.jpg,Phi4_14B_Phi_14B,48.13273286819458
gym.jpg,LLaVA_7B,17.17338800430298
gym.jpg,LLama3_2_Vision_11B,101.93279719352722
gym.jpg,Gemma3_12B,55.8858859539032
gym.jpg,MiniCPM_V_8B,45.939656019210815
gym.jpg,Phi_14B,57.13799595832825
gym.jpg,LLaVA_LLama3_8B,19.56358504295349
gym.jpg,BakLLaVA_7B,9.90908694267273
gym.jpg,Granite3_2_Vision,68.44915795326233
gym.jpg,DeepSeek_Reasoning_LLaVA_7B,57.794440031051636
gym.jpg,DeepSeek_Reasoning_LLama3_2_Vision_11B,41.88481688499451
gym.jpg,DeepSeek_Reasoning_Gemma3_12B,58.12506103515625
gym.jpg,DeepSeek_Reasoning_MiniCPM_V_8B,78.87046599388123
gym.jpg,DeepSeek_Reasoning_Phi_14B,40.68169975280762
gym.jpg,LLama3_1_Intuitive_Thinker_LLaVA_7B,71.11441707611084
gym.jpg,LLama3_1_Intuitive_Thinker_LLama3_2_Vision_11B,50.55461311340332
gym.jpg,LLama3_1_Intuitive_Thinker_Gemma3_12B,44.43895506858826
gym.jpg,LLama3_1_Intuitive_Thinker_MiniCPM_V_8B,47.681610107421875
gym.jpg,LLama3_1_Intuitive_Thinker_Phi_14B,53.71249198913574
gym.jpg,DeepSeek_R1_Abliterated_LLaVA_7B,50.33651256561279
gym.jpg,DeepSeek_R1_Abliterated_LLama3_2_Vision_11B,36.9018349647522
gym.jpg,DeepSeek_R1_Abliterated_Gemma3_12B,24.75022792816162
gym.jpg,DeepSeek_R1_Abliterated_MiniCPM_V_8B,49.893158197402954
gym.jpg,DeepSeek_R1_Abliterated_Phi_14B,30.156728982925415
gym.jpg,Phi4_14B_LLaVA_7B,43.75220990180969
gym.jpg,Phi4_14B_LLama3_2_Vision_11B,44.11987900733948
gym.jpg,Phi4_14B_Gemma3_12B,35.74592614173889
gym.jpg,Phi4_14B_MiniCPM_V_8B,40.410903215408325
gym.jpg,Phi4_14B_Phi_14B,49.468043088912964
reddressgirl.jpg,LLaVA_7B,22.200084924697876
reddressgirl.jpg,LLama3_2_Vision_11B,107.11319589614868
reddressgirl.jpg,Gemma3_12B,51.769935846328735
reddressgirl.jpg,MiniCPM_V_8B,51.99151802062988
reddressgirl.jpg,Phi_14B,18.926241159439087
reddressgirl.jpg,LLaVA_LLama3_8B,21.2654869556427
reddressgirl.jpg,BakLLaVA_7B,8.888220071792603
reddressgirl.jpg,Granite3_2_Vision,74.25896215438843
reddressgirl.jpg,DeepSeek_Reasoning_LLaVA_7B,59.4053750038147
reddressgirl.jpg,DeepSeek_Reasoning_LLama3_2_Vision_11B,45.88301420211792
reddressgirl.jpg,DeepSeek_Reasoning_Gemma3_12B,51.35399675369263
reddressgirl.jpg,DeepSeek_Reasoning_MiniCPM_V_8B,55.79272484779358
reddressgirl.jpg,DeepSeek_Reasoning_Phi_14B,46.06667184829712
reddressgirl.jpg,LLama3_1_Intuitive_Thinker_LLaVA_7B,53.80539798736572
reddressgirl.jpg,LLama3_1_Intuitive_Thinker_LLama3_2_Vision_11B,31.178843021392822
reddressgirl.jpg,LLama3_1_Intuitive_Thinker_Gemma3_12B,35.21017026901245
reddressgirl.jpg,LLama3_1_Intuitive_Thinker_MiniCPM_V_8B,27.874200105667114
reddressgirl.jpg,LLama3_1_Intuitive_Thinker_Phi_14B,58.00198984146118
reddressgirl.jpg,DeepSeek_R1_Abliterated_LLaVA_7B,36.32883810997009
reddressgirl.jpg,DeepSeek_R1_Abliterated_LLama3_2_Vision_11B,27.923763036727905
reddressgirl.jpg,DeepSeek_R1_Abliterated_Gemma3_12B,21.929479122161865
reddressgirl.jpg,DeepSeek_R1_Abliterated_MiniCPM_V_8B,28.430155038833618
reddressgirl.jpg,DeepSeek_R1_Abliterated_Phi_14B,36.24349308013916
reddressgirl.jpg,Phi4_14B_LLaVA_7B,47.38334393501282
reddressgirl.jpg,Phi4_14B_LLama3_2_Vision_11B,41.332886934280396
reddressgirl.jpg,Phi4_14B_Gemma3_12B,49.745161294937134
reddressgirl.jpg,Phi4_14B_MiniCPM_V_8B,35.3918080329895
reddressgirl.jpg,Phi4_14B_Phi_14B,42.40330386161804
manwithbike.jpg,LLaVA_7B,20.337312936782837
manwithbike.jpg,LLama3_2_Vision_11B,112.19628691673279
manwithbike.jpg,Gemma3_12B,54.18611216545105
manwithbike.jpg,MiniCPM_V_8B,29.760364055633545
manwithbike.jpg,Phi_14B,36.33939599990845
manwithbike.jpg,LLaVA_LLama3_8B,17.6142680644989
manwithbike.jpg,BakLLaVA_7B,10.369318008422852
manwithbike.jpg,Granite3_2_Vision,50.46917510032654
manwithbike.jpg,DeepSeek_Reasoning_LLaVA_7B,57.95498585700989
manwithbike.jpg,DeepSeek_Reasoning_LLama3_2_Vision_11B,51.21207308769226
manwithbike.jpg,DeepSeek_Reasoning_Gemma3_12B,67.1351671218872
manwithbike.jpg,DeepSeek_Reasoning_MiniCPM_V_8B,32.598872900009155
manwithbike.jpg,DeepSeek_Reasoning_Phi_14B,53.04127383232117
manwithbike.jpg,LLama3_1_Intuitive_Thinker_LLaVA_7B,33.90512990951538
manwithbike.jpg,LLama3_1_Intuitive_Thinker_LLama3_2_Vision_11B,45.244760274887085
manwithbike.jpg,LLama3_1_Intuitive_Thinker_Gemma3_12B,60.059849977493286
manwithbike.jpg,LLama3_1_Intuitive_Thinker_MiniCPM_V_8B,33.45402503013611
manwithbike.jpg,LLama3_1_Intuitive_Thinker_Phi_14B,33.22879981994629
manwithbike.jpg,DeepSeek_R1_Abliterated_LLaVA_7B,36.869467973709106
manwithbike.jpg,DeepSeek_R1_Abliterated_LLama3_2_Vision_11B,41.40103816986084
manwithbike.jpg,DeepSeek_R1_Abliterated_Gemma3_12B,28.96395206451416
manwithbike.jpg,DeepSeek_R1_Abliterated_MiniCPM_V_8B,45.728590965270996
manwithbike.jpg,DeepSeek_R1_Abliterated_Phi_14B,45.319053173065186
manwithbike.jpg,Phi4_14B_LLaVA_7B,44.08981394767761
manwithbike.jpg,Phi4_14B_LLama3_2_Vision_11B,38.66967821121216
manwithbike.jpg,Phi4_14B_Gemma3_12B,39.58674097061157
manwithbike.jpg,Phi4_14B_MiniCPM_V_8B,43.7041220664978
manwithbike.jpg,Phi4_14B_Phi_14B,49.0393180847168
sadman.jpg,LLaVA_7B,18.317556858062744
sadman.jpg,LLama3_2_Vision_11B,111.31655788421631
sadman.jpg,Gemma3_12B,52.41676378250122
sadman.jpg,MiniCPM_V_8B,16.509446144104004
sadman.jpg,Phi_14B,34.66320061683655
sadman.jpg,LLaVA_LLama3_8B,13.815850973129272
sadman.jpg,BakLLaVA_7B,9.294041156768799
sadman.jpg,Granite3_2_Vision,29.53673505783081
sadman.jpg,DeepSeek_Reasoning_LLaVA_7B,55.2234570980072
sadman.jpg,DeepSeek_Reasoning_LLama3_2_Vision_11B,48.6640248298645
sadman.jpg,DeepSeek_Reasoning_Gemma3_12B,51.10348892211914
sadman.jpg,DeepSeek_Reasoning_MiniCPM_V_8B,74.70888900756836
sadman.jpg,DeepSeek_Reasoning_Phi_14B,56.44980978965759
sadman.jpg,LLama3_1_Intuitive_Thinker_LLaVA_7B,39.05488991737366
sadman.jpg,LLama3_1_Intuitive_Thinker_LLama3_2_Vision_11B,33.74309515953064
sadman.jpg,LLama3_1_Intuitive_Thinker_Gemma3_12B,34.68319296836853
sadman.jpg,LLama3_1_Intuitive_Thinker_MiniCPM_V_8B,33.352768898010254
sadman.jpg,LLama3_1_Intuitive_Thinker_Phi_14B,34.2505841255188
sadman.jpg,DeepSeek_R1_Abliterated_LLaVA_7B,43.470564126968384
sadman.jpg,DeepSeek_R1_Abliterated_LLama3_2_Vision_11B,25.200093030929565
sadman.jpg,DeepSeek_R1_Abliterated_Gemma3_12B,38.0725371837616
sadman.jpg,DeepSeek_R1_Abliterated_MiniCPM_V_8B,42.765275955200195
sadman.jpg,DeepSeek_R1_Abliterated_Phi_14B,28.60602879524231
sadman.jpg,Phi4_14B_LLaVA_7B,46.191794872283936
sadman.jpg,Phi4_14B_LLama3_2_Vision_11B,44.207489013671875
sadman.jpg,Phi4_14B_Gemma3_12B,43.079265117645264
sadman.jpg,Phi4_14B_MiniCPM_V_8B,44.34312891960144
sadman.jpg,Phi4_14B_Phi_14B,44.54959583282471
holi.jpg,LLaVA_7B,18.591815948486328
holi.jpg,LLama3_2_Vision_11B,113.9869589805603
holi.jpg,Gemma3_12B,52.44902801513672
holi.jpg,MiniCPM_V_8B,34.03446078300476
holi.jpg,Phi_14B,34.35024619102478
holi.jpg,LLaVA_LLama3_8B,20.408602952957153
holi.jpg,BakLLaVA_7B,7.725338935852051
holi.jpg,Granite3_2_Vision,50.417208194732666
holi.jpg,DeepSeek_Reasoning_LLaVA_7B,51.72519588470459
holi.jpg,DeepSeek_Reasoning_LLama3_2_Vision_11B,46.70223808288574
holi.jpg,DeepSeek_Reasoning_Gemma3_12B,40.45987677574158
holi.jpg,DeepSeek_Reasoning_MiniCPM_V_8B,33.27291917800903
holi.jpg,DeepSeek_Reasoning_Phi_14B,66.2145836353302
holi.jpg,LLama3_1_Intuitive_Thinker_LLaVA_7B,57.15370416641235
holi.jpg,LLama3_1_Intuitive_Thinker_LLama3_2_Vision_11B,31.397691249847412
holi.jpg,LLama3_1_Intuitive_Thinker_Gemma3_12B,26.505760669708252
holi.jpg,LLama3_1_Intuitive_Thinker_MiniCPM_V_8B,35.104443311691284
holi.jpg,LLama3_1_Intuitive_Thinker_Phi_14B,70.54068183898926
holi.jpg,DeepSeek_R1_Abliterated_LLaVA_7B,38.605082750320435
holi.jpg,DeepSeek_R1_Abliterated_LLama3_2_Vision_11B,20.569489240646362
holi.jpg,DeepSeek_R1_Abliterated_Gemma3_12B,29.30276083946228
holi.jpg,DeepSeek_R1_Abliterated_MiniCPM_V_8B,30.884443998336792
holi.jpg,DeepSeek_R1_Abliterated_Phi_14B,34.80900311470032
holi.jpg,Phi4_14B_LLaVA_7B,45.02227830886841
holi.jpg,Phi4_14B_LLama3_2_Vision_11B,38.90865397453308
holi.jpg,Phi4_14B_Gemma3_12B,41.90743088722229
holi.jpg,Phi4_14B_MiniCPM_V_8B,41.48107194900513
holi.jpg,Phi4_14B_Phi_14B,43.071301221847534
gossip.jpg,LLaVA_7B,19.133246898651123
gossip.jpg,LLama3_2_Vision_11B,107.45047283172607
gossip.jpg,Gemma3_12B,54.343350648880005
gossip.jpg,MiniCPM_V_8B,18.4669029712677
gossip.jpg,Phi_14B,28.61282205581665
gossip.jpg,LLaVA_LLama3_8B,16.468491077423096
gossip.jpg,BakLLaVA_7B,10.619035959243774
gossip.jpg,Granite3_2_Vision,29.679276943206787
gossip.jpg,DeepSeek_Reasoning_LLaVA_7B,53.48516297340393
gossip.jpg,DeepSeek_Reasoning_LLama3_2_Vision_11B,50.22146821022034
gossip.jpg,DeepSeek_Reasoning_Gemma3_12B,68.2448079586029
gossip.jpg,DeepSeek_Reasoning_MiniCPM_V_8B,48.13420510292053
gossip.jpg,DeepSeek_Reasoning_Phi_14B,61.82830286026001
gossip.jpg,LLama3_1_Intuitive_Thinker_LLaVA_7B,53.95758318901062
gossip.jpg,LLama3_1_Intuitive_Thinker_LLama3_2_Vision_11B,40.982669830322266
gossip.jpg,LLama3_1_Intuitive_Thinker_Gemma3_12B,36.76900005340576
gossip.jpg,LLama3_1_Intuitive_Thinker_MiniCPM_V_8B,26.505505084991455
gossip.jpg,LLama3_1_Intuitive_Thinker_Phi_14B,129.03875923156738
gossip.jpg,DeepSeek_R1_Abliterated_LLaVA_7B,50.41441297531128
gossip.jpg,DeepSeek_R1_Abliterated_LLama3_2_Vision_11B,32.954185962677
gossip.jpg,DeepSeek_R1_Abliterated_Gemma3_12B,48.77045798301697
gossip.jpg,DeepSeek_R1_Abliterated_MiniCPM_V_8B,35.69187092781067
gossip.jpg,DeepSeek_R1_Abliterated_Phi_14B,29.362682819366455
gossip.jpg,Phi4_14B_LLaVA_7B,39.57545304298401
gossip.jpg,Phi4_14B_LLama3_2_Vision_11B,37.6887731552124
gossip.jpg,Phi4_14B_Gemma3_12B,42.768614292144775
gossip.jpg,Phi4_14B_MiniCPM_V_8B,37.81773281097412
gossip.jpg,Phi4_14B_Phi_14B,45.23766589164734
coffeeposter.jpg,LLaVA_7B,18.29924201965332
coffeeposter.jpg,LLama3_2_Vision_11B,122.5958080291748
coffeeposter.jpg,Gemma3_12B,55.40427279472351
coffeeposter.jpg,MiniCPM_V_8B,26.880802154541016
coffeeposter.jpg,Phi_14B,29.757895946502686
coffeeposter.jpg,LLaVA_LLama3_8B,19.870150089263916
coffeeposter.jpg,BakLLaVA_7B,10.996969938278198
coffeeposter.jpg,Granite3_2_Vision,40.61096906661987
coffeeposter.jpg,DeepSeek_Reasoning_LLaVA_7B,52.330106019973755
coffeeposter.jpg,DeepSeek_Reasoning_LLama3_2_Vision_11B,35.13396906852722
coffeeposter.jpg,DeepSeek_Reasoning_Gemma3_12B,58.60167193412781
coffeeposter.jpg,DeepSeek_Reasoning_MiniCPM_V_8B,27.466996908187866
coffeeposter.jpg,DeepSeek_Reasoning_Phi_14B,30.63928484916687
coffeeposter.jpg,LLama3_1_Intuitive_Thinker_LLaVA_7B,46.5406608581543
coffeeposter.jpg,LLama3_1_Intuitive_Thinker_LLama3_2_Vision_11B,49.08658313751221
coffeeposter.jpg,LLama3_1_Intuitive_Thinker_Gemma3_12B,34.72488284111023
coffeeposter.jpg,LLama3_1_Intuitive_Thinker_MiniCPM_V_8B,59.18025088310242
coffeeposter.jpg,LLama3_1_Intuitive_Thinker_Phi_14B,48.32361435890198
coffeeposter.jpg,DeepSeek_R1_Abliterated_LLaVA_7B,41.01405572891235
coffeeposter.jpg,DeepSeek_R1_Abliterated_LLama3_2_Vision_11B,27.14227795600891
coffeeposter.jpg,DeepSeek_R1_Abliterated_Gemma3_12B,28.84004497528076
coffeeposter.jpg,DeepSeek_R1_Abliterated_MiniCPM_V_8B,30.434509992599487
coffeeposter.jpg,DeepSeek_R1_Abliterated_Phi_14B,25.2675998210907
coffeeposter.jpg,Phi4_14B_LLaVA_7B,41.358887910842896
coffeeposter.jpg,Phi4_14B_LLama3_2_Vision_11B,37.721381187438965
coffeeposter.jpg,Phi4_14B_Gemma3_12B,40.95605111122131
coffeeposter.jpg,Phi4_14B_MiniCPM_V_8B,37.712769746780396
coffeeposter.jpg,Phi4_14B_Phi_14B,36.634429931640625
graduation.jpg,LLaVA_7B,18.91882586479187
graduation.jpg,LLama3_2_Vision_11B,123.39939498901367
graduation.jpg,Gemma3_12B,50.96057605743408
graduation.jpg,MiniCPM_V_8B,29.02887201309204
graduation.jpg,Phi_14B,34.12108588218689
graduation.jpg,LLaVA_LLama3_8B,18.33370327949524
graduation.jpg,BakLLaVA_7B,9.557692050933838
graduation.jpg,Granite3_2_Vision,53.31741714477539
graduation.jpg,DeepSeek_Reasoning_LLaVA_7B,58.43285822868347
graduation.jpg,DeepSeek_Reasoning_LLama3_2_Vision_11B,60.2466938495636
graduation.jpg,DeepSeek_Reasoning_Gemma3_12B,33.69393992424011
graduation.jpg,DeepSeek_Reasoning_MiniCPM_V_8B,51.441606283187866
graduation.jpg,DeepSeek_Reasoning_Phi_14B,46.28199100494385
graduation.jpg,LLama3_1_Intuitive_Thinker_LLaVA_7B,45.939738035202026
graduation.jpg,LLama3_1_Intuitive_Thinker_LLama3_2_Vision_11B,57.70174717903137
graduation.jpg,LLama3_1_Intuitive_Thinker_Gemma3_12B,48.79704308509827
graduation.jpg,LLama3_1_Intuitive_Thinker_MiniCPM_V_8B,31.545363903045654
graduation.jpg,LLama3_1_Intuitive_Thinker_Phi_14B,36.135558128356934
graduation.jpg,DeepSeek_R1_Abliterated_LLaVA_7B,41.31757211685181
graduation.jpg,DeepSeek_R1_Abliterated_LLama3_2_Vision_11B,39.386693716049194
graduation.jpg,DeepSeek_R1_Abliterated_Gemma3_12B,54.44949507713318
graduation.jpg,DeepSeek_R1_Abliterated_MiniCPM_V_8B,40.91556906700134
graduation.jpg,DeepSeek_R1_Abliterated_Phi_14B,39.592243909835815
graduation.jpg,Phi4_14B_LLaVA_7B,35.42791795730591
graduation.jpg,Phi4_14B_LLama3_2_Vision_11B,44.69547128677368
graduation.jpg,Phi4_14B_Gemma3_12B,45.892751932144165
graduation.jpg,Phi4_14B_MiniCPM_V_8B,40.20421099662781
graduation.jpg,Phi4_14B_Phi_14B,49.58355712890625
cafeoutdoor.jpg,LLaVA_7B,17.80252695083618
cafeoutdoor.jpg,LLama3_2_Vision_11B,102.60581684112549
cafeoutdoor.jpg,Gemma3_12B,52.56682014465332
cafeoutdoor.jpg,MiniCPM_V_8B,45.00295281410217
cafeoutdoor.jpg,Phi_14B,36.77191090583801
cafeoutdoor.jpg,LLaVA_LLama3_8B,16.255455017089844
cafeoutdoor.jpg,BakLLaVA_7B,10.005607843399048
cafeoutdoor.jpg,Granite3_2_Vision,71.52118492126465
cafeoutdoor.jpg,DeepSeek_Reasoning_LLaVA_7B,61.8217990398407
cafeoutdoor.jpg,DeepSeek_Reasoning_LLama3_2_Vision_11B,42.48531103134155
cafeoutdoor.jpg,DeepSeek_Reasoning_Gemma3_12B,60.0158851146698
cafeoutdoor.jpg,DeepSeek_Reasoning_MiniCPM_V_8B,68.61645722389221
cafeoutdoor.jpg,DeepSeek_Reasoning_Phi_14B,44.642736196517944
cafeoutdoor.jpg,LLama3_1_Intuitive_Thinker_LLaVA_7B,53.04781913757324
cafeoutdoor.jpg,LLama3_1_Intuitive_Thinker_LLama3_2_Vision_11B,53.67640209197998
cafeoutdoor.jpg,LLama3_1_Intuitive_Thinker_Gemma3_12B,48.49986696243286
cafeoutdoor.jpg,LLama3_1_Intuitive_Thinker_MiniCPM_V_8B,33.60079836845398
cafeoutdoor.jpg,LLama3_1_Intuitive_Thinker_Phi_14B,60.404529094696045
cafeoutdoor.jpg,DeepSeek_R1_Abliterated_LLaVA_7B,30.721458911895752
cafeoutdoor.jpg,DeepSeek_R1_Abliterated_LLama3_2_Vision_11B,27.5624098777771
cafeoutdoor.jpg,DeepSeek_R1_Abliterated_Gemma3_12B,21.75452709197998
cafeoutdoor.jpg,DeepSeek_R1_Abliterated_MiniCPM_V_8B,29.82703185081482
cafeoutdoor.jpg,DeepSeek_R1_Abliterated_Phi_14B,23.406193256378174
cafeoutdoor.jpg,Phi4_14B_LLaVA_7B,39.95507788658142
cafeoutdoor.jpg,Phi4_14B_LLama3_2_Vision_11B,34.01081132888794
cafeoutdoor.jpg,Phi4_14B_Gemma3_12B,40.79724407196045
cafeoutdoor.jpg,Phi4_14B_MiniCPM_V_8B,40.36462593078613
cafeoutdoor.jpg,Phi4_14B_Phi_14B,42.319408893585205
kidsplaying.jpg,LLaVA_7B,22.76933002471924
kidsplaying.jpg,LLama3_2_Vision_11B,101.37233877182007
kidsplaying.jpg,Gemma3_12B,53.272762060165405
kidsplaying.jpg,MiniCPM_V_8B,24.070461988449097
kidsplaying.jpg,Phi_14B,38.8819899559021
kidsplaying.jpg,LLaVA_LLama3_8B,17.96915888786316
kidsplaying.jpg,BakLLaVA_7B,9.878657817840576
kidsplaying.jpg,Granite3_2_Vision,36.341931104660034
kidsplaying.jpg,DeepSeek_Reasoning_LLaVA_7B,46.09400200843811
kidsplaying.jpg,DeepSeek_Reasoning_LLama3_2_Vision_11B,39.51927089691162
kidsplaying.jpg,DeepSeek_Reasoning_Gemma3_12B,50.105823040008545
kidsplaying.jpg,DeepSeek_Reasoning_MiniCPM_V_8B,64.81112098693848
kidsplaying.jpg,DeepSeek_Reasoning_Phi_14B,69.60846710205078
kidsplaying.jpg,LLama3_1_Intuitive_Thinker_LLaVA_7B,60.83540105819702
kidsplaying.jpg,LLama3_1_Intuitive_Thinker_LLama3_2_Vision_11B,47.91922307014465
kidsplaying.jpg,LLama3_1_Intuitive_Thinker_Gemma3_12B,51.19784498214722
kidsplaying.jpg,LLama3_1_Intuitive_Thinker_MiniCPM_V_8B,34.883185148239136
kidsplaying.jpg,LLama3_1_Intuitive_Thinker_Phi_14B,75.17371797561646
kidsplaying.jpg,DeepSeek_R1_Abliterated_LLaVA_7B,38.55045676231384
kidsplaying.jpg,DeepSeek_R1_Abliterated_LLama3_2_Vision_11B,21.453840017318726
kidsplaying.jpg,DeepSeek_R1_Abliterated_Gemma3_12B,45.683523178100586
kidsplaying.jpg,DeepSeek_R1_Abliterated_MiniCPM_V_8B,25.847475051879883
kidsplaying.jpg,DeepSeek_R1_Abliterated_Phi_14B,27.139833211898804
kidsplaying.jpg,Phi4_14B_LLaVA_7B,46.31980609893799
kidsplaying.jpg,Phi4_14B_LLama3_2_Vision_11B,35.0073881149292
kidsplaying.jpg,Phi4_14B_Gemma3_12B,36.84296274185181
kidsplaying.jpg,Phi4_14B_MiniCPM_V_8B,42.59501886367798
kidsplaying.jpg,Phi4_14B_Phi_14B,45.04404616355896
couple.jpg,LLaVA_7B,18.712578058242798
couple.jpg,LLama3_2_Vision_11B,102.45789504051208
couple.jpg,Gemma3_12B,52.34265184402466
couple.jpg,MiniCPM_V_8B,23.64437985420227
couple.jpg,Phi_14B,31.014307975769043
couple.jpg,LLaVA_LLama3_8B,22.735716104507446
couple.jpg,BakLLaVA_7B,10.18308687210083
couple.jpg,Granite3_2_Vision,50.67066168785095
couple.jpg,DeepSeek_Reasoning_LLaVA_7B,59.805009841918945
couple.jpg,DeepSeek_Reasoning_LLama3_2_Vision_11B,52.04023504257202
couple.jpg,DeepSeek_Reasoning_Gemma3_12B,59.99668574333191
couple.jpg,DeepSeek_Reasoning_MiniCPM_V_8B,40.08901381492615
couple.jpg,DeepSeek_Reasoning_Phi_14B,69.78040504455566
couple.jpg,LLama3_1_Intuitive_Thinker_LLaVA_7B,55.96232509613037
couple.jpg,LLama3_1_Intuitive_Thinker_LLama3_2_Vision_11B,44.7069571018219
couple.jpg,LLama3_1_Intuitive_Thinker_Gemma3_12B,59.688713788986206
couple.jpg,LLama3_1_Intuitive_Thinker_MiniCPM_V_8B,34.31449007987976
couple.jpg,LLama3_1_Intuitive_Thinker_Phi_14B,46.520049810409546
couple.jpg,DeepSeek_R1_Abliterated_LLaVA_7B,53.15956401824951
couple.jpg,DeepSeek_R1_Abliterated_LLama3_2_Vision_11B,23.523873805999756
couple.jpg,DeepSeek_R1_Abliterated_Gemma3_12B,50.78596830368042
couple.jpg,DeepSeek_R1_Abliterated_MiniCPM_V_8B,23.842068910598755
couple.jpg,DeepSeek_R1_Abliterated_Phi_14B,34.00227999687195
couple.jpg,Phi4_14B_LLaVA_7B,46.665242195129395
couple.jpg,Phi4_14B_LLama3_2_Vision_11B,39.089359998703
couple.jpg,Phi4_14B_Gemma3_12B,38.46248197555542
couple.jpg,Phi4_14B_MiniCPM_V_8B,34.9007089138031
couple.jpg,Phi4_14B_Phi_14B,44.13020300865173
cafeaesthetic.jpg,LLaVA_7B,17.91459822654724
cafeaesthetic.jpg,LLama3_2_Vision_11B,139.72780585289001
cafeaesthetic.jpg,Gemma3_12B,52.29490113258362
cafeaesthetic.jpg,MiniCPM_V_8B,41.997554063797
cafeaesthetic.jpg,Phi_14B,36.81418299674988
cafeaesthetic.jpg,LLaVA_LLama3_8B,18.745678901672363
cafeaesthetic.jpg,BakLLaVA_7B,8.636182069778442
cafeaesthetic.jpg,Granite3_2_Vision,71.80644607543945
cafeaesthetic.jpg,DeepSeek_Reasoning_LLaVA_7B,63.6070921421051
cafeaesthetic.jpg,DeepSeek_Reasoning_LLama3_2_Vision_11B,57.58921480178833
cafeaesthetic.jpg,DeepSeek_Reasoning_Gemma3_12B,40.40623092651367
cafeaesthetic.jpg,DeepSeek_Reasoning_MiniCPM_V_8B,38.81414008140564
cafeaesthetic.jpg,DeepSeek_Reasoning_Phi_14B,61.60836315155029
cafeaesthetic.jpg,LLama3_1_Intuitive_Thinker_LLaVA_7B,55.79000377655029
cafeaesthetic.jpg,LLama3_1_Intuitive_Thinker_LLama3_2_Vision_11B,46.89139008522034
cafeaesthetic.jpg,LLama3_1_Intuitive_Thinker_Gemma3_12B,57.2202889919281
cafeaesthetic.jpg,LLama3_1_Intuitive_Thinker_MiniCPM_V_8B,61.14767503738403
cafeaesthetic.jpg,LLama3_1_Intuitive_Thinker_Phi_14B,58.422882080078125
cafeaesthetic.jpg,DeepSeek_R1_Abliterated_LLaVA_7B,36.58806800842285
cafeaesthetic.jpg,DeepSeek_R1_Abliterated_LLama3_2_Vision_11B,47.165749073028564
cafeaesthetic.jpg,DeepSeek_R1_Abliterated_Gemma3_12B,34.88250184059143
cafeaesthetic.jpg,DeepSeek_R1_Abliterated_MiniCPM_V_8B,38.151772022247314
cafeaesthetic.jpg,DeepSeek_R1_Abliterated_Phi_14B,41.904776096343994
cafeaesthetic.jpg,Phi4_14B_LLaVA_7B,43.75342798233032
cafeaesthetic.jpg,Phi4_14B_LLama3_2_Vision_11B,46.47534894943237
cafeaesthetic.jpg,Phi4_14B_Gemma3_12B,40.16913366317749
cafeaesthetic.jpg,Phi4_14B_MiniCPM_V_8B,39.889410972595215
cafeaesthetic.jpg,Phi4_14B_Phi_14B,37.27908897399902
picnic.jpg,LLaVA_7B,18.757846117019653
picnic.jpg,LLama3_2_Vision_11B,115.10592699050903
picnic.jpg,Gemma3_12B,65.31605291366577
picnic.jpg,MiniCPM_V_8B,27.693786144256592
picnic.jpg,Phi_14B,33.865439891815186
picnic.jpg,LLaVA_LLama3_8B,22.244624853134155
picnic.jpg,BakLLaVA_7B,9.201844930648804
picnic.jpg,Granite3_2_Vision,59.352628231048584
picnic.jpg,DeepSeek_Reasoning_LLaVA_7B,65.60141491889954
picnic.jpg,DeepSeek_Reasoning_LLama3_2_Vision_11B,43.78841757774353
picnic.jpg,DeepSeek_Reasoning_Gemma3_12B,62.402106046676636
picnic.jpg,DeepSeek_Reasoning_MiniCPM_V_8B,43.69216299057007
picnic.jpg,DeepSeek_Reasoning_Phi_14B,42.89493680000305
picnic.jpg,LLama3_1_Intuitive_Thinker_LLaVA_7B,54.144184827804565
picnic.jpg,LLama3_1_Intuitive_Thinker_LLama3_2_Vision_11B,48.966379165649414
picnic.jpg,LLama3_1_Intuitive_Thinker_Gemma3_12B,63.840166091918945
picnic.jpg,LLama3_1_Intuitive_Thinker_MiniCPM_V_8B,70.05680990219116
picnic.jpg,LLama3_1_Intuitive_Thinker_Phi_14B,49.81482791900635
picnic.jpg,DeepSeek_R1_Abliterated_LLaVA_7B,49.42432904243469
picnic.jpg,DeepSeek_R1_Abliterated_LLama3_2_Vision_11B,20.401674032211304
picnic.jpg,DeepSeek_R1_Abliterated_Gemma3_12B,40.27049016952515
picnic.jpg,DeepSeek_R1_Abliterated_MiniCPM_V_8B,30.103274822235107
picnic.jpg,DeepSeek_R1_Abliterated_Phi_14B,30.18215799331665
picnic.jpg,Phi4_14B_LLaVA_7B,42.517457008361816
picnic.jpg,Phi4_14B_LLama3_2_Vision_11B,45.26725792884827
picnic.jpg,Phi4_14B_Gemma3_12B,48.248568058013916
picnic.jpg,Phi4_14B_MiniCPM_V_8B,39.130260944366455
picnic.jpg,Phi4_14B_Phi_14B,40.1486337184906
cafework.jpeg,LLaVA_7B,20.397956132888794
cafework.jpeg,LLama3_2_Vision_11B,117.47987627983093
cafework.jpeg,Gemma3_12B,52.82956290245056
cafework.jpeg,MiniCPM_V_8B,40.64583206176758
cafework.jpeg,Phi_14B,59.7985360622406
cafework.jpeg,LLaVA_LLama3_8B,20.60183310508728
cafework.jpeg,BakLLaVA_7B,9.664836883544922
cafework.jpeg,Granite3_2_Vision,75.1197760105133
cafework.jpeg,DeepSeek_Reasoning_LLaVA_7B,37.18656277656555
cafework.jpeg,DeepSeek_Reasoning_LLama3_2_Vision_11B,40.99126076698303
cafework.jpeg,DeepSeek_Reasoning_Gemma3_12B,62.85536599159241
cafework.jpeg,DeepSeek_Reasoning_MiniCPM_V_8B,53.9170081615448
cafework.jpeg,DeepSeek_Reasoning_Phi_14B,37.68429398536682
cafework.jpeg,LLama3_1_Intuitive_Thinker_LLaVA_7B,32.72667384147644
cafework.jpeg,LLama3_1_Intuitive_Thinker_LLama3_2_Vision_11B,47.76949882507324
cafework.jpeg,LLama3_1_Intuitive_Thinker_Gemma3_12B,70.19641280174255
cafework.jpeg,LLama3_1_Intuitive_Thinker_MiniCPM_V_8B,50.67711901664734
cafework.jpeg,LLama3_1_Intuitive_Thinker_Phi_14B,48.085822105407715
cafework.jpeg,DeepSeek_R1_Abliterated_LLaVA_7B,37.722517013549805
cafework.jpeg,DeepSeek_R1_Abliterated_LLama3_2_Vision_11B,28.880293130874634
cafework.jpeg,DeepSeek_R1_Abliterated_Gemma3_12B,29.277172803878784
cafework.jpeg,DeepSeek_R1_Abliterated_MiniCPM_V_8B,43.765873193740845
cafework.jpeg,DeepSeek_R1_Abliterated_Phi_14B,36.757049798965454
cafework.jpeg,Phi4_14B_LLaVA_7B,47.38571000099182
cafework.jpeg,Phi4_14B_LLama3_2_Vision_11B,38.547887086868286
cafework.jpeg,Phi4_14B_Gemma3_12B,40.96212410926819
cafework.jpeg,Phi4_14B_MiniCPM_V_8B,39.03599691390991
cafework.jpeg,Phi4_14B_Phi_14B,48.511131048202515
nightparty.jpeg,LLaVA_7B,16.836435794830322
nightparty.jpeg,LLama3_2_Vision_11B,107.99297308921814
nightparty.jpeg,Gemma3_12B,54.16423773765564
nightparty.jpeg,MiniCPM_V_8B,48.623960733413696
nightparty.jpeg,Phi_14B,35.1211211681366
nightparty.jpeg,LLaVA_LLama3_8B,20.9599130153656
nightparty.jpeg,BakLLaVA_7B,9.649965763092041
nightparty.jpeg,Granite3_2_Vision,77.27086782455444
nightparty.jpeg,DeepSeek_Reasoning_LLaVA_7B,46.49779200553894
nightparty.jpeg,DeepSeek_Reasoning_LLama3_2_Vision_11B,50.544721841812134
nightparty.jpeg,DeepSeek_Reasoning_Gemma3_12B,60.85985612869263
nightparty.jpeg,DeepSeek_Reasoning_MiniCPM_V_8B,51.942158222198486
nightparty.jpeg,DeepSeek_Reasoning_Phi_14B,67.7180860042572
nightparty.jpeg,LLama3_1_Intuitive_Thinker_LLaVA_7B,52.09155583381653
nightparty.jpeg,LLama3_1_Intuitive_Thinker_LLama3_2_Vision_11B,29.152451038360596
nightparty.jpeg,LLama3_1_Intuitive_Thinker_Gemma3_12B,27.45130181312561
nightparty.jpeg,LLama3_1_Intuitive_Thinker_MiniCPM_V_8B,48.5613009929657
nightparty.jpeg,LLama3_1_Intuitive_Thinker_Phi_14B,54.59605693817139
nightparty.jpeg,DeepSeek_R1_Abliterated_LLaVA_7B,41.28310012817383
nightparty.jpeg,DeepSeek_R1_Abliterated_LLama3_2_Vision_11B,25.664024114608765
nightparty.jpeg,DeepSeek_R1_Abliterated_Gemma3_12B,26.694288730621338
nightparty.jpeg,DeepSeek_R1_Abliterated_MiniCPM_V_8B,33.47089695930481
nightparty.jpeg,DeepSeek_R1_Abliterated_Phi_14B,40.247824907302856
nightparty.jpeg,Phi4_14B_LLaVA_7B,41.97047805786133
nightparty.jpeg,Phi4_14B_LLama3_2_Vision_11B,38.569477796554565
nightparty.jpeg,Phi4_14B_Gemma3_12B,36.60248875617981
nightparty.jpeg,Phi4_14B_MiniCPM_V_8B,36.86582922935486
nightparty.jpeg,Phi4_14B_Phi_14B,45.3931519985199
nycfromflight.jpeg,LLaVA_7B,20.48289203643799
nycfromflight.jpeg,LLama3_2_Vision_11B,115.04438400268555
nycfromflight.jpeg,Gemma3_12B,54.3468120098114
nycfromflight.jpeg,MiniCPM_V_8B,35.49984526634216
nycfromflight.jpeg,Phi_14B,35.44425106048584
nycfromflight.jpeg,LLaVA_LLama3_8B,18.25092101097107
nycfromflight.jpeg,BakLLaVA_7B,11.351175785064697
nycfromflight.jpeg,Granite3_2_Vision,51.07616996765137
nycfromflight.jpeg,DeepSeek_Reasoning_LLaVA_7B,50.161648750305176
nycfromflight.jpeg,DeepSeek_Reasoning_LLama3_2_Vision_11B,53.31838917732239
nycfromflight.jpeg,DeepSeek_Reasoning_Gemma3_12B,54.23243713378906
nycfromflight.jpeg,DeepSeek_Reasoning_MiniCPM_V_8B,54.313008069992065
nycfromflight.jpeg,DeepSeek_Reasoning_Phi_14B,50.76117300987244
nycfromflight.jpeg,LLama3_1_Intuitive_Thinker_LLaVA_7B,50.301586866378784
nycfromflight.jpeg,LLama3_1_Intuitive_Thinker_LLama3_2_Vision_11B,26.405935287475586
nycfromflight.jpeg,LLama3_1_Intuitive_Thinker_Gemma3_12B,31.34226703643799
nycfromflight.jpeg,LLama3_1_Intuitive_Thinker_MiniCPM_V_8B,70.07540702819824
nycfromflight.jpeg,LLama3_1_Intuitive_Thinker_Phi_14B,35.23685312271118
nycfromflight.jpeg,DeepSeek_R1_Abliterated_LLaVA_7B,41.49195313453674
nycfromflight.jpeg,DeepSeek_R1_Abliterated_LLama3_2_Vision_11B,26.655632972717285
nycfromflight.jpeg,DeepSeek_R1_Abliterated_Gemma3_12B,25.762058973312378
nycfromflight.jpeg,DeepSeek_R1_Abliterated_MiniCPM_V_8B,33.6814079284668
nycfromflight.jpeg,DeepSeek_R1_Abliterated_Phi_14B,26.506092071533203
nycfromflight.jpeg,Phi4_14B_LLaVA_7B,48.29021692276001
nycfromflight.jpeg,Phi4_14B_LLama3_2_Vision_11B,41.734955072402954
nycfromflight.jpeg,Phi4_14B_Gemma3_12B,44.39621901512146
nycfromflight.jpeg,Phi4_14B_MiniCPM_V_8B,40.35634088516235
nycfromflight.jpeg,Phi4_14B_Phi_14B,42.996824979782104
winepicnic.png,LLaVA_7B,18.772313117980957
winepicnic.png,LLama3_2_Vision_11B,91.14087700843811
winepicnic.png,Gemma3_12B,51.61055779457092
winepicnic.png,MiniCPM_V_8B,27.514944076538086
winepicnic.png,Phi_14B,34.88935208320618
winepicnic.png,LLaVA_LLama3_8B,19.598376035690308
winepicnic.png,BakLLaVA_7B,10.774131059646606
winepicnic.png,Granite3_2_Vision,45.47967505455017
winepicnic.png,DeepSeek_Reasoning_LLaVA_7B,65.18824696540833
winepicnic.png,DeepSeek_Reasoning_LLama3_2_Vision_11B,44.03891205787659
winepicnic.png,DeepSeek_Reasoning_Gemma3_12B,48.28510618209839
winepicnic.png,DeepSeek_Reasoning_MiniCPM_V_8B,63.055742025375366
winepicnic.png,DeepSeek_Reasoning_Phi_14B,60.69665002822876
winepicnic.png,LLama3_1_Intuitive_Thinker_LLaVA_7B,58.23467493057251
winepicnic.png,LLama3_1_Intuitive_Thinker_LLama3_2_Vision_11B,47.20785880088806
winepicnic.png,LLama3_1_Intuitive_Thinker_Gemma3_12B,27.646700143814087
winepicnic.png,LLama3_1_Intuitive_Thinker_MiniCPM_V_8B,62.44707703590393
winepicnic.png,LLama3_1_Intuitive_Thinker_Phi_14B,55.251657247543335
winepicnic.png,DeepSeek_R1_Abliterated_LLaVA_7B,36.85532331466675
winepicnic.png,DeepSeek_R1_Abliterated_LLama3_2_Vision_11B,20.208465814590454
winepicnic.png,DeepSeek_R1_Abliterated_Gemma3_12B,23.038113832473755
winepicnic.png,DeepSeek_R1_Abliterated_MiniCPM_V_8B,31.66613507270813
winepicnic.png,DeepSeek_R1_Abliterated_Phi_14B,39.54977989196777
winepicnic.png,Phi4_14B_LLaVA_7B,42.502992153167725
winepicnic.png,Phi4_14B_LLama3_2_Vision_11B,39.024585008621216
winepicnic.png,Phi4_14B_Gemma3_12B,40.52666401863098
winepicnic.png,Phi4_14B_MiniCPM_V_8B,44.125240087509155
winepicnic.png,Phi4_14B_Phi_14B,38.956949949264526
concert.png,LLaVA_7B,19.038262844085693
concert.png,LLama3_2_Vision_11B,112.24699592590332
concert.png,Gemma3_12B,51.62753391265869
concert.png,MiniCPM_V_8B,54.10720086097717
concert.png,Phi_14B,31.87525200843811
concert.png,LLaVA_LLama3_8B,18.719987869262695
concert.png,BakLLaVA_7B,10.990530014038086
concert.png,Granite3_2_Vision,66.76587295532227
concert.png,DeepSeek_Reasoning_LLaVA_7B,37.77326965332031
concert.png,DeepSeek_Reasoning_LLama3_2_Vision_11B,51.787569761276245
concert.png,DeepSeek_Reasoning_Gemma3_12B,81.32364320755005
concert.png,DeepSeek_Reasoning_MiniCPM_V_8B,36.69374680519104
concert.png,DeepSeek_Reasoning_Phi_14B,26.136767864227295
concert.png,LLama3_1_Intuitive_Thinker_LLaVA_7B,60.64933514595032
concert.png,LLama3_1_Intuitive_Thinker_LLama3_2_Vision_11B,33.26876211166382
concert.png,LLama3_1_Intuitive_Thinker_Gemma3_12B,30.58072590827942
concert.png,LLama3_1_Intuitive_Thinker_MiniCPM_V_8B,58.656917095184326
concert.png,LLama3_1_Intuitive_Thinker_Phi_14B,47.23140573501587
concert.png,DeepSeek_R1_Abliterated_LLaVA_7B,38.30198621749878
concert.png,DeepSeek_R1_Abliterated_LLama3_2_Vision_11B,27.1453218460083
concert.png,DeepSeek_R1_Abliterated_Gemma3_12B,31.693050861358643
concert.png,DeepSeek_R1_Abliterated_MiniCPM_V_8B,34.08631920814514
concert.png,DeepSeek_R1_Abliterated_Phi_14B,30.975738048553467
concert.png,Phi4_14B_LLaVA_7B,43.90650796890259
concert.png,Phi4_14B_LLama3_2_Vision_11B,37.30693197250366
concert.png,Phi4_14B_Gemma3_12B,40.74271106719971
concert.png,Phi4_14B_MiniCPM_V_8B,45.44140410423279
concert.png,Phi4_14B_Phi_14B,40.12677574157715
beach.png,LLaVA_7B,25.080033779144287
beach.png,LLama3_2_Vision_11B,122.61052799224854
beach.png,Gemma3_12B,51.00615096092224
beach.png,MiniCPM_V_8B,24.22403383255005
beach.png,Phi_14B,52.739672899246216
beach.png,LLaVA_LLama3_8B,22.116585969924927
beach.png,BakLLaVA_7B,10.917357206344604
beach.png,Granite3_2_Vision,44.19053816795349
beach.png,DeepSeek_Reasoning_LLaVA_7B,54.865694761276245
beach.png,DeepSeek_Reasoning_LLama3_2_Vision_11B,54.94253492355347
beach.png,DeepSeek_Reasoning_Gemma3_12B,33.798523902893066
beach.png,DeepSeek_Reasoning_MiniCPM_V_8B,41.321584939956665
beach.png,DeepSeek_Reasoning_Phi_14B,52.03855800628662
beach.png,LLama3_1_Intuitive_Thinker_LLaVA_7B,33.85161900520325
beach.png,LLama3_1_Intuitive_Thinker_LLama3_2_Vision_11B,61.072880268096924
beach.png,LLama3_1_Intuitive_Thinker_Gemma3_12B,38.35868191719055
beach.png,LLama3_1_Intuitive_Thinker_MiniCPM_V_8B,34.490833044052124
beach.png,LLama3_1_Intuitive_Thinker_Phi_14B,40.34994196891785
beach.png,DeepSeek_R1_Abliterated_LLaVA_7B,37.68374419212341
beach.png,DeepSeek_R1_Abliterated_LLama3_2_Vision_11B,27.556437969207764
beach.png,DeepSeek_R1_Abliterated_Gemma3_12B,36.23519802093506
beach.png,DeepSeek_R1_Abliterated_MiniCPM_V_8B,34.007465839385986
beach.png,DeepSeek_R1_Abliterated_Phi_14B,35.90752410888672
beach.png,Phi4_14B_LLaVA_7B,47.68859791755676
beach.png,Phi4_14B_LLama3_2_Vision_11B,48.268418073654175
beach.png,Phi4_14B_Gemma3_12B,40.23676896095276
beach.png,Phi4_14B_MiniCPM_V_8B,40.76891803741455
beach.png,Phi4_14B_Phi_14B,49.47642397880554
rollercoaster.png,LLaVA_7B,23.287201642990112
rollercoaster.png,LLama3_2_Vision_11B,125.50230979919434
rollercoaster.png,Gemma3_12B,55.31726098060608
rollercoaster.png,MiniCPM_V_8B,34.16954517364502
rollercoaster.png,Phi_14B,54.871174812316895
rollercoaster.png,LLaVA_LLama3_8B,16.941569805145264
rollercoaster.png,BakLLaVA_7B,10.907633066177368
rollercoaster.png,Granite3_2_Vision,53.02747583389282
rollercoaster.png,DeepSeek_Reasoning_LLaVA_7B,66.24029302597046
rollercoaster.png,DeepSeek_Reasoning_LLama3_2_Vision_11B,38.460132122039795
rollercoaster.png,DeepSeek_Reasoning_Gemma3_12B,58.16508102416992
rollercoaster.png,DeepSeek_Reasoning_MiniCPM_V_8B,62.16399383544922
rollercoaster.png,DeepSeek_Reasoning_Phi_14B,35.799777030944824
rollercoaster.png,LLama3_1_Intuitive_Thinker_LLaVA_7B,71.71808385848999
rollercoaster.png,LLama3_1_Intuitive_Thinker_LLama3_2_Vision_11B,31.480943202972412
rollercoaster.png,LLama3_1_Intuitive_Thinker_Gemma3_12B,35.23103904724121
rollercoaster.png,LLama3_1_Intuitive_Thinker_MiniCPM_V_8B,33.464008808135986
rollercoaster.png,LLama3_1_Intuitive_Thinker_Phi_14B,37.12950563430786
rollercoaster.png,DeepSeek_R1_Abliterated_LLaVA_7B,39.26153612136841
rollercoaster.png,DeepSeek_R1_Abliterated_LLama3_2_Vision_11B,29.021203994750977
rollercoaster.png,DeepSeek_R1_Abliterated_Gemma3_12B,22.74401092529297
rollercoaster.png,DeepSeek_R1_Abliterated_MiniCPM_V_8B,27.258585929870605
rollercoaster.png,DeepSeek_R1_Abliterated_Phi_14B,19.872077226638794
rollercoaster.png,Phi4_14B_LLaVA_7B,45.99586892127991
rollercoaster.png,Phi4_14B_LLama3_2_Vision_11B,40.081180810928345
rollercoaster.png,Phi4_14B_Gemma3_12B,43.82809281349182
rollercoaster.png,Phi4_14B_MiniCPM_V_8B,37.92008924484253
rollercoaster.png,Phi4_14B_Phi_14B,42.99270820617676
familydinner.png,LLaVA_7B,16.213712215423584
familydinner.png,LLama3_2_Vision_11B,108.46938800811768
familydinner.png,Gemma3_12B,51.746766090393066
familydinner.png,MiniCPM_V_8B,26.907928705215454
familydinner.png,Phi_14B,30.524311065673828
familydinner.png,LLaVA_LLama3_8B,16.96699094772339
familydinner.png,BakLLaVA_7B,11.53578805923462
familydinner.png,Granite3_2_Vision,38.198891162872314
familydinner.png,DeepSeek_Reasoning_LLaVA_7B,41.00346612930298
familydinner.png,DeepSeek_Reasoning_LLama3_2_Vision_11B,51.70074796676636
familydinner.png,DeepSeek_Reasoning_Gemma3_12B,62.93404269218445
familydinner.png,DeepSeek_Reasoning_MiniCPM_V_8B,44.438992977142334
familydinner.png,DeepSeek_Reasoning_Phi_14B,55.61551308631897
familydinner.png,LLama3_1_Intuitive_Thinker_LLaVA_7B,76.03421998023987
familydinner.png,LLama3_1_Intuitive_Thinker_LLama3_2_Vision_11B,32.32783102989197
familydinner.png,LLama3_1_Intuitive_Thinker_Gemma3_12B,28.69172692298889
familydinner.png,LLama3_1_Intuitive_Thinker_MiniCPM_V_8B,47.805814027786255
familydinner.png,LLama3_1_Intuitive_Thinker_Phi_14B,25.267154932022095
familydinner.png,DeepSeek_R1_Abliterated_LLaVA_7B,32.96882677078247
familydinner.png,DeepSeek_R1_Abliterated_LLama3_2_Vision_11B,29.18274474143982
familydinner.png,DeepSeek_R1_Abliterated_Gemma3_12B,29.338643312454224
familydinner.png,DeepSeek_R1_Abliterated_MiniCPM_V_8B,36.110641956329346
familydinner.png,DeepSeek_R1_Abliterated_Phi_14B,21.979305028915405
familydinner.png,Phi4_14B_LLaVA_7B,44.62210202217102
familydinner.png,Phi4_14B_LLama3_2_Vision_11B,38.43418598175049
familydinner.png,Phi4_14B_Gemma3_12B,39.851215839385986
familydinner.png,Phi4_14B_MiniCPM_V_8B,39.43478012084961
familydinner.png,Phi4_14B_Phi_14B,42.043169021606445
photoshoot.png,LLaVA_7B,20.265108108520508
photoshoot.png,LLama3_2_Vision_11B,109.32268404960632
photoshoot.png,Gemma3_12B,53.73422622680664
photoshoot.png,MiniCPM_V_8B,29.925740003585815
photoshoot.png,Phi_14B,29.84399390220642
photoshoot.png,LLaVA_LLama3_8B,17.100834131240845
photoshoot.png,BakLLaVA_7B,11.572611093521118
photoshoot.png,Granite3_2_Vision,68.63543486595154
photoshoot.png,DeepSeek_Reasoning_LLaVA_7B,67.21262383460999
photoshoot.png,DeepSeek_Reasoning_LLama3_2_Vision_11B,43.93586206436157
photoshoot.png,DeepSeek_Reasoning_Gemma3_12B,63.52152490615845
photoshoot.png,DeepSeek_Reasoning_MiniCPM_V_8B,60.847944021224976
photoshoot.png,DeepSeek_Reasoning_Phi_14B,45.5740909576416
photoshoot.png,LLama3_1_Intuitive_Thinker_LLaVA_7B,59.394071102142334
photoshoot.png,LLama3_1_Intuitive_Thinker_LLama3_2_Vision_11B,29.170140981674194
photoshoot.png,LLama3_1_Intuitive_Thinker_Gemma3_12B,52.85540723800659
photoshoot.png,LLama3_1_Intuitive_Thinker_MiniCPM_V_8B,59.57635188102722
photoshoot.png,LLama3_1_Intuitive_Thinker_Phi_14B,36.79091501235962
photoshoot.png,DeepSeek_R1_Abliterated_LLaVA_7B,34.384989976882935
photoshoot.png,DeepSeek_R1_Abliterated_LLama3_2_Vision_11B,27.376555919647217
photoshoot.png,DeepSeek_R1_Abliterated_Gemma3_12B,33.130122900009155
photoshoot.png,DeepSeek_R1_Abliterated_MiniCPM_V_8B,33.42042517662048
photoshoot.png,DeepSeek_R1_Abliterated_Phi_14B,50.72273588180542
photoshoot.png,Phi4_14B_LLaVA_7B,46.465012073516846
photoshoot.png,Phi4_14B_LLama3_2_Vision_11B,45.80755615234375
photoshoot.png,Phi4_14B_Gemma3_12B,42.98085331916809
photoshoot.png,Phi4_14B_MiniCPM_V_8B,44.60640501976013
photoshoot.png,Phi4_14B_Phi_14B,40.82316493988037
